;User_ID;Product_ID;Gender;Age;Occupation;City_Category;Stay_In_Current_City_Years;Marital_Status;Product_Category_1;Product_Category_2;Purchase
0;1000001;P00069042;F;0-17;10;A;2;0;3;9,627841;8370
1;1000001;P00248942;F;0-17;10;A;2;0;1;6,000000;15200
2;1000001;P00087842;F;0-17;10;A;2;0;12;9,627841;1422
3;1000001;P00085442;F;0-17;10;A;2;0;12;14,000000;1057
4;1000002;P00285442;M;55+;16;C;4+;0;8;9,627841;7969
5;1000003;P00193542;M;26-35;15;A;3;0;1;2,000000;15227
6;1000004;P00184942;M;46-50;7;B;2;1;1;8,000000;19215
7;1000004;P00346142;M;46-50;7;B;2;1;1;15,000000;15854
8;1000004;P0097242;M;46-50;7;B;2;1;1;16,000000;15686
9;1000005;P00274942;M;26-35;20;A;1;1;8;9,627841;7871
10;1000005;P00251242;M;26-35;20;A;1;1;5;11,000000;5254
11;1000005;P00014542;M;26-35;20;A;1;1;8;9,627841;3957
12;1000005;P00031342;M;26-35;20;A;1;1;8;9,627841;6073
13;1000005;P00145042;M;26-35;20;A;1;1;1;2,000000;15665
14;1000006;P00231342;F;51-55;9;A;1;0;5;8,000000;5378
15;1000006;P00190242;F;51-55;9;A;1;0;4;5,000000;2079
16;1000006;P0096642;F;51-55;9;A;1;0;2;3,000000;13055
17;1000006;P00058442;F;51-55;9;A;1;0;5;14,000000;8851
18;1000007;P00036842;M;36-45;1;B;1;1;1;14,000000;11788
19;1000008;P00249542;M;26-35;12;C;4+;1;1;5,000000;19614
20;1000008;P00220442;M;26-35;12;C;4+;1;5;14,000000;8584
21;1000008;P00156442;M;26-35;12;C;4+;1;8;9,627841;9872
22;1000008;P00213742;M;26-35;12;C;4+;1;8;9,627841;9743
23;1000008;P00214442;M;26-35;12;C;4+;1;8;9,627841;5982
24;1000008;P00303442;M;26-35;12;C;4+;1;1;8,000000;11927
25;1000009;P00135742;M;26-35;17;C;0;0;6;8,000000;16662
26;1000009;P00039942;M;26-35;17;C;0;0;8;9,627841;5887
27;1000009;P00161442;M;26-35;17;C;0;0;5;14,000000;6973
28;1000009;P00078742;M;26-35;17;C;0;0;5;8,000000;5391
29;1000010;P00085942;F;36-45;1;B;4+;1;2;4,000000;16352
30;1000010;P00118742;F;36-45;1;B;4+;1;5;11,000000;8886
31;1000010;P00297942;F;36-45;1;B;4+;1;8;9,627841;5875
32;1000010;P00266842;F;36-45;1;B;4+;1;5;9,627841;8854
33;1000010;P00058342;F;36-45;1;B;4+;1;3;4,000000;10946
34;1000010;P00032442;F;36-45;1;B;4+;1;5;9,627841;5152
35;1000010;P00105942;F;36-45;1;B;4+;1;5;9,627841;7089
36;1000010;P00182642;F;36-45;1;B;4+;1;2;4,000000;12909
37;1000010;P00186942;F;36-45;1;B;4+;1;5;12,000000;8770
38;1000010;P00155442;F;36-45;1;B;4+;1;1;11,000000;15212
39;1000010;P00221342;F;36-45;1;B;4+;1;1;2,000000;15705
40;1000010;P00087242;F;36-45;1;B;4+;1;14;9,627841;7947
41;1000010;P00111142;F;36-45;1;B;4+;1;1;15,000000;18963
42;1000010;P00259342;F;36-45;1;B;4+;1;5;9,000000;8718
43;1000010;P0094542;F;36-45;1;B;4+;1;2;4,000000;16406
44;1000010;P00148642;F;36-45;1;B;4+;1;6;10,000000;12642
45;1000010;P00312142;F;36-45;1;B;4+;1;8;9,627841;10007
46;1000010;P00113242;F;36-45;1;B;4+;1;1;6,000000;11562
47;1000011;P00192642;F;26-35;1;C;1;0;8;17,000000;6171
48;1000011;P00110842;F;26-35;1;C;1;0;1;2,000000;19327
49;1000011;P00189642;F;26-35;1;C;1;0;8;13,000000;8027
50;1000012;P00304242;M;26-35;12;C;2;0;1;6,000000;15246
51;1000012;P00365242;M;26-35;12;C;2;0;5;8,000000;6865
52;1000013;P00129542;M;46-50;1;C;3;1;8;14,000000;5839
53;1000013;P00140742;M;46-50;1;C;3;1;1;15,000000;15912
54;1000013;P00182342;M;46-50;1;C;3;1;1;5,000000;12107
55;1000014;P00276642;M;36-45;0;C;0;0;8;11,000000;5848
56;1000015;P00334242;M;26-35;7;A;1;0;1;8,000000;19653
57;1000015;P00247542;M;26-35;7;A;1;0;8;16,000000;5958
58;1000015;P00338442;M;26-35;7;A;1;0;1;16,000000;11415
59;1000015;P00275142;M;26-35;7;A;1;0;5;8,000000;5380
60;1000015;P00333042;M;26-35;7;A;1;0;5;8,000000;3594
61;1000015;P00166242;M;26-35;7;A;1;0;8;9,627841;4209
62;1000015;P00161942;M;26-35;7;A;1;0;5;8,000000;5407
63;1000015;P00348242;M;26-35;7;A;1;0;8;9,627841;7803
64;1000015;P00042142;M;26-35;7;A;1;0;1;2,000000;11458
65;1000016;P00244242;F;36-45;0;C;0;1;1;2,000000;11755
66;1000016;P00217742;F;36-45;0;C;0;1;5;14,000000;8702
67;1000017;P00019342;M;51-55;1;C;0;0;1;6,000000;15872
68;1000017;P00100642;M;51-55;1;C;0;0;5;15,000000;8609
69;1000017;P00073842;M;51-55;1;C;0;0;1;15,000000;15172
70;1000018;P00366542;F;18-25;3;B;3;0;5;9,627841;1780
71;1000018;P00190742;F;18-25;3;B;3;0;3;4,000000;10754
72;1000018;P00151842;F;18-25;3;B;3;0;4;8,000000;2802
73;1000018;P00112642;F;18-25;3;B;3;0;1;2,000000;19473
74;1000018;P00118442;F;18-25;3;B;3;0;1;2,000000;19672
75;1000018;P00034442;F;18-25;3;B;3;0;1;14,000000;19313
76;1000018;P00222242;F;18-25;3;B;3;0;1;2,000000;15182
77;1000018;P00118342;F;18-25;3;B;3;0;2;3,000000;15985
78;1000018;P00324742;F;18-25;3;B;3;0;2;9,000000;16454
79;1000018;P00190042;F;18-25;3;B;3;0;3;4,000000;13551
80;1000018;P0094142;F;18-25;3;B;3;0;4;5,000000;697
81;1000018;P00138542;F;18-25;3;B;3;0;5;6,000000;7030
82;1000018;P00158542;F;18-25;3;B;3;0;5;6,000000;5430
83;1000018;P00157542;F;18-25;3;B;3;0;8;14,000000;8011
84;1000018;P00044142;F;18-25;3;B;3;0;8;16,000000;5912
85;1000019;P00112542;M;0-17;10;A;3;0;1;11,000000;7746
86;1000019;P00339542;M;0-17;10;A;3;0;1;9,627841;19525
87;1000019;P00127842;M;0-17;10;A;3;0;1;2,000000;11959
88;1000019;P00125942;M;0-17;10;A;3;0;1;2,000000;19172
89;1000019;P00251342;M;0-17;10;A;3;0;5;11,000000;8773
90;1000019;P00249642;M;0-17;10;A;3;0;3;5,000000;11023
91;1000019;P00124842;M;0-17;10;A;3;0;11;9,627841;4654
92;1000019;P00250642;M;0-17;10;A;3;0;11;9,627841;4664
93;1000019;P00058142;M;0-17;10;A;3;0;3;4,000000;8290
94;1000019;P00117442;M;0-17;10;A;3;0;5;14,000000;7011
95;1000019;P00251642;M;0-17;10;A;3;0;1;2,000000;4211
96;1000019;P00244842;M;0-17;10;A;3;0;11;9,627841;1539
97;1000021;P00220242;M;18-25;16;B;0;0;3;12,000000;3055
98;1000022;P00351142;M;18-25;15;A;4+;0;1;8,000000;12099
99;1000022;P00213242;M;18-25;15;A;4+;0;5;8,000000;8797
100;1000022;P00195942;M;18-25;15;A;4+;0;3;4,000000;10681
101;1000022;P00115642;M;18-25;15;A;4+;0;8;14,000000;7801
102;1000022;P0098242;M;18-25;15;A;4+;0;1;16,000000;15517
103;1000022;P00262242;M;18-25;15;A;4+;0;1;11,000000;12098
104;1000022;P00258742;M;18-25;15;A;4+;0;5;9,627841;6976
105;1000022;P00218242;M;18-25;15;A;4+;0;5;8,000000;5384
106;1000022;P00021742;M;18-25;15;A;4+;0;5;9,627841;6973
107;1000022;P00313042;M;18-25;15;A;4+;0;5;14,000000;5168
108;1000022;P00133742;M;18-25;15;A;4+;0;5;14,000000;3449
109;1000022;P00077042;M;18-25;15;A;4+;0;5;9,627841;7177
110;1000022;P00280542;M;18-25;15;A;4+;0;11;9,627841;4570
111;1000022;P00225842;M;18-25;15;A;4+;0;2;4,000000;9564
112;1000023;P00278942;M;36-45;0;B;3;1;1;2,000000;15766
113;1000023;P00004742;M;36-45;0;B;3;1;6;16,000000;8481
114;1000023;P00198042;M;36-45;0;B;3;1;11;16,000000;6108
115;1000023;P00177442;M;36-45;0;B;3;1;1;6,000000;15354
116;1000023;P00000642;M;36-45;0;B;3;1;1;6,000000;12015
117;1000023;P00288942;M;36-45;0;B;3;1;1;2,000000;15371
118;1000023;P00270942;M;36-45;0;B;3;1;1;2,000000;19239
119;1000023;P00345842;M;36-45;0;B;3;1;2;8,000000;16137
120;1000023;P00032042;M;36-45;0;B;3;1;1;2,000000;11887
121;1000023;P00313042;M;36-45;0;B;3;1;5;14,000000;5183
122;1000023;P00112342;M;36-45;0;B;3;1;13;16,000000;584
123;1000023;P00031842;M;36-45;0;B;3;1;1;5,000000;7601
124;1000024;P00346642;F;26-35;7;A;3;1;8;9,627841;2230
125;1000024;P00205642;F;26-35;7;A;3;1;5;8,000000;6940
126;1000024;P00248942;F;26-35;7;A;3;1;1;6,000000;15774
127;1000025;P00206442;M;18-25;4;C;4+;0;1;5,000000;15361
128;1000025;P00046742;M;18-25;4;C;4+;0;1;2,000000;15770
129;1000025;P00120042;M;18-25;4;C;4+;0;1;2,000000;18974
130;1000026;P00043242;M;26-35;7;B;2;1;5;9,627841;1848
131;1000026;P00057242;M;26-35;7;B;2;1;5;9,627841;3624
132;1000026;P00022842;M;26-35;7;B;2;1;5;9,627841;5275
133;1000026;P00252042;M;26-35;7;B;2;1;5;14,000000;5356
134;1000026;P00042242;M;26-35;7;B;2;1;5;15,000000;5411
135;1000026;P00059542;M;26-35;7;B;2;1;2;4,000000;9734
136;1000026;P00346642;M;26-35;7;B;2;1;8;9,627841;7814
137;1000026;P00021242;M;26-35;7;B;2;1;8;16,000000;6098
138;1000026;P00023042;M;26-35;7;B;2;1;5;14,000000;5195
139;1000026;P00144242;M;26-35;7;B;2;1;5;14,000000;5220
140;1000026;P00101342;M;26-35;7;B;2;1;6;8,000000;16093
141;1000026;P00289342;M;26-35;7;B;2;1;5;8,000000;3702
142;1000027;P00281742;M;26-35;11;C;1;1;5;8,000000;8696
143;1000027;P00266642;M;26-35;11;C;1;1;1;8,000000;7730
144;1000027;P00323742;M;26-35;11;C;1;1;8;9,627841;9836
145;1000027;P00116342;M;26-35;11;C;1;1;2;9,627841;16500
146;1000027;P00117142;M;26-35;11;C;1;1;2;17,000000;15903
147;1000028;P00084442;F;26-35;1;C;2;1;13;16,000000;758
148;1000028;P00331542;F;26-35;1;C;2;1;5;8,000000;6904
149;1000028;P00118742;F;26-35;1;C;2;1;5;11,000000;8690
150;1000028;P00178942;F;26-35;1;C;2;1;5;8,000000;8624
151;1000028;P00026042;F;26-35;1;C;2;1;8;14,000000;3904
152;1000029;P00233542;M;36-45;7;C;1;0;1;15,000000;19068
153;1000029;P00127242;M;36-45;7;C;1;0;1;16,000000;7963
154;1000029;P00349942;M;36-45;7;C;1;0;1;5,000000;15511
155;1000029;P00303342;M;36-45;7;C;1;0;1;16,000000;11859
156;1000030;P00051442;F;36-45;7;C;3;0;8;17,000000;9735
157;1000030;P00275642;F;36-45;7;C;3;0;8;9,627841;4166
158;1000030;P00278642;F;36-45;7;C;3;0;5;9,627841;6927
159;1000031;P00117442;M;55+;7;C;2;0;5;14,000000;8596
160;1000031;P00322042;M;55+;7;C;2;0;5;8,000000;5248
161;1000031;P00216342;M;55+;7;C;2;0;3;4,000000;10592
162;1000031;P00329342;M;55+;7;C;2;0;5;9,627841;3482
163;1000032;P00332342;F;26-35;0;C;3;1;5;8,000000;7134
164;1000033;P00285442;M;46-50;3;A;1;1;8;9,627841;7854
165;1000033;P00111742;M;46-50;3;A;1;1;15;9,627841;17391
166;1000033;P00293742;M;46-50;3;A;1;1;8;9,627841;6074
167;1000033;P00032842;M;46-50;3;A;1;1;8;9,627841;6119
168;1000033;P00216142;M;46-50;3;A;1;1;1;16,000000;15333
169;1000033;P00001642;M;46-50;3;A;1;1;8;16,000000;6129
170;1000033;P00351842;M;46-50;3;A;1;1;5;9,627841;5265
171;1000033;P00145442;M;46-50;3;A;1;1;8;15,000000;7888
172;1000033;P00344242;M;46-50;3;A;1;1;8;10,000000;4035
173;1000033;P00327242;M;46-50;3;A;1;1;5;8,000000;5280
174;1000033;P00241142;M;46-50;3;A;1;1;8;9,627841;7909
175;1000033;P00219242;M;46-50;3;A;1;1;4;5,000000;811
176;1000033;P00057342;M;46-50;3;A;1;1;4;5,000000;2846
177;1000033;P00165742;M;46-50;3;A;1;1;8;16,000000;7994
178;1000033;P00154642;M;46-50;3;A;1;1;8;9,627841;3897
179;1000034;P00192942;F;18-25;0;A;0;0;5;9,627841;6996
180;1000034;P00247042;F;18-25;0;A;0;0;5;14,000000;8593
181;1000034;P00150542;F;18-25;0;A;0;0;5;9,627841;6917
182;1000034;P00347142;F;18-25;0;A;0;0;5;9,627841;5329
183;1000034;P00326742;F;18-25;0;A;0;0;11;9,627841;5942
184;1000034;P00085942;F;18-25;0;A;0;0;2;4,000000;15895
185;1000034;P00330442;F;18-25;0;A;0;0;5;14,000000;7165
186;1000034;P00327842;F;18-25;0;A;0;0;8;16,000000;9846
187;1000034;P00218342;F;18-25;0;A;0;0;5;9,627841;8701
188;1000034;P00259042;F;18-25;0;A;0;0;5;9,627841;8757
189;1000035;P00102542;M;46-50;1;C;4+;1;8;9,627841;6109
190;1000035;P00285442;M;46-50;1;C;4+;1;8;9,627841;6139
191;1000035;P00121142;M;46-50;1;C;4+;1;8;9,627841;5897
192;1000035;P00228242;M;46-50;1;C;4+;1;8;9,627841;3990
193;1000035;P00129542;M;46-50;1;C;4+;1;8;14,000000;6153
194;1000035;P00309542;M;46-50;1;C;4+;1;5;14,000000;5319
195;1000035;P00106742;M;46-50;1;C;4+;1;3;5,000000;10767
196;1000036;P00102642;M;26-35;3;B;0;0;4;8,000000;2832
197;1000036;P00127442;M;26-35;3;B;0;0;1;2,000000;8066
198;1000036;P00345642;M;26-35;3;B;0;0;1;15,000000;15812
199;1000036;P00357842;M;26-35;3;B;0;0;5;9,627841;6967
200;1000036;P00115342;M;26-35;3;B;0;0;5;8,000000;6922
201;1000036;P00174442;M;26-35;3;B;0;0;5;9,627841;8621
202;1000036;P00282642;M;26-35;3;B;0;0;5;9,627841;7030
203;1000036;P00150542;M;26-35;3;B;0;0;5;9,627841;7172
204;1000036;P00037142;M;26-35;3;B;0;0;1;2,000000;15769
205;1000036;P00192042;M;26-35;3;B;0;0;5;9,000000;6871
206;1000036;P00197542;M;26-35;3;B;0;0;5;9,627841;7171
207;1000036;P00048742;M;26-35;3;B;0;0;5;9,627841;7139
208;1000036;P00110142;M;26-35;3;B;0;0;7;9,627841;16280
209;1000036;P00120842;M;26-35;3;B;0;0;8;17,000000;9894
210;1000036;P00267742;M;26-35;3;B;0;0;5;9,627841;3664
211;1000036;P00086442;M;26-35;3;B;0;0;8;13,000000;7869
214;1000036;P00318742;M;26-35;3;B;0;0;1;8,000000;11518
215;1000036;P00028442;M;26-35;3;B;0;0;1;8,000000;15285
216;1000036;P00208342;M;26-35;3;B;0;0;1;16,000000;15524
217;1000036;P00193542;M;26-35;3;B;0;0;1;2,000000;19278
218;1000036;P00277442;M;26-35;3;B;0;0;1;6,000000;15445
219;1000037;P00085242;F;26-35;9;C;1;0;8;14,000000;8034
221;1000039;P00351142;M;18-25;4;B;2;0;1;8,000000;15319
222;1000041;P00235242;F;18-25;4;C;3;0;8;9,627841;5915
223;1000041;P00251542;F;18-25;4;C;3;0;11;16,000000;6025
224;1000042;P00046742;M;26-35;8;C;0;1;1;2,000000;19433
225;1000042;P00003242;M;26-35;8;C;0;1;8;15,000000;6027
226;1000042;P00221542;M;26-35;8;C;0;1;5;15,000000;7040
227;1000042;P00142142;M;26-35;8;C;0;1;1;2,000000;11965
228;1000042;P00044442;M;26-35;8;C;0;1;1;16,000000;15469
229;1000042;P00147742;M;26-35;8;C;0;1;1;16,000000;11925
230;1000042;P00030942;M;26-35;8;C;0;1;4;5,000000;2826
231;1000042;P00288042;M;26-35;8;C;0;1;8;9,627841;4013
232;1000042;P00313142;M;26-35;8;C;0;1;8;9,627841;5914
233;1000042;P00195442;M;26-35;8;C;0;1;5;9,627841;7176
235;1000044;P00112142;M;46-50;17;B;3;1;1;2,000000;19072
236;1000044;P00120342;M;46-50;17;B;3;1;5;17,000000;7179
237;1000044;P00110542;M;46-50;17;B;3;1;8;9,627841;7995
238;1000044;P00279942;M;46-50;17;B;3;1;8;9,627841;4124
239;1000044;P00303742;M;46-50;17;B;3;1;8;9,627841;7772
240;1000044;P00140742;M;46-50;17;B;3;1;1;15,000000;11799
241;1000044;P00190042;M;46-50;17;B;3;1;3;4,000000;13251
242;1000044;P00316742;M;46-50;17;B;3;1;4;5,000000;3524
243;1000044;P00233542;M;46-50;17;B;3;1;1;15,000000;15853
244;1000044;P00115242;M;46-50;17;B;3;1;5;8,000000;1728
245;1000044;P00338442;M;46-50;17;B;3;1;1;16,000000;11693
246;1000044;P00302842;M;46-50;17;B;3;1;8;13,000000;7852
247;1000044;P00124842;M;46-50;17;B;3;1;11;9,627841;1582
248;1000045;P00066442;F;46-50;16;A;1;1;5;14,000000;6950
249;1000045;P00273442;F;46-50;16;A;1;1;12;14,000000;1414
250;1000045;P00210142;F;46-50;16;A;1;1;14;9,627841;4325
251;1000045;P00212542;F;46-50;16;A;1;1;8;14,000000;4028
252;1000045;P00321742;F;46-50;16;A;1;1;5;8,000000;3432
253;1000045;P00020042;F;46-50;16;A;1;1;5;8,000000;3715
254;1000045;P00051942;F;46-50;16;A;1;1;5;6,000000;3540
255;1000045;P00251342;F;46-50;16;A;1;1;5;11,000000;5352
256;1000045;P00303542;F;46-50;16;A;1;1;5;9,627841;1828
257;1000045;P00228142;F;46-50;16;A;1;1;5;9,627841;7159
258;1000046;P00123142;M;18-25;19;C;4+;0;11;9,627841;7614
259;1000046;P00079542;M;18-25;19;C;4+;0;5;8,000000;1784
260;1000046;P00103142;M;18-25;19;C;4+;0;1;9,627841;3978
261;1000046;P00305542;M;18-25;19;C;4+;0;11;9,627841;7478
262;1000047;P00031042;M;18-25;4;C;4+;1;8;9,627841;8043
263;1000047;P00260042;M;18-25;4;C;4+;1;5;8,000000;6912
264;1000048;P00055642;M;26-35;4;B;3;1;4;5,000000;1447
265;1000048;P00312742;M;26-35;4;B;3;1;15;9,627841;4338
266;1000048;P00010742;M;26-35;4;B;3;1;1;8,000000;19352
267;1000048;P00147742;M;26-35;4;B;3;1;1;16,000000;11420
268;1000048;P00303742;M;26-35;4;B;3;1;8;9,627841;5897
269;1000048;P00223242;M;26-35;4;B;3;1;5;14,000000;7048
270;1000048;P00114942;M;26-35;4;B;3;1;1;15,000000;15783
271;1000048;P00277442;M;26-35;4;B;3;1;1;6,000000;11396
272;1000048;P00183242;M;26-35;4;B;3;1;5;15,000000;5180
273;1000048;P00030842;M;26-35;4;B;3;1;1;2,000000;15549
274;1000048;P00220142;M;26-35;4;B;3;1;1;15,000000;11935
275;1000048;P00130442;M;26-35;4;B;3;1;3;5,000000;8091
276;1000048;P00323042;M;26-35;4;B;3;1;5;9,627841;7001
277;1000048;P00344742;M;26-35;4;B;3;1;5;9,627841;1747
278;1000048;P00182442;M;26-35;4;B;3;1;5;11,000000;5252
279;1000048;P00015342;M;26-35;4;B;3;1;2;4,000000;6407
280;1000048;P00113242;M;26-35;4;B;3;1;1;6,000000;15466
281;1000048;P00288042;M;26-35;4;B;3;1;8;9,627841;7781
282;1000048;P00103042;M;26-35;4;B;3;1;1;14,000000;15849
283;1000048;P00187842;M;26-35;4;B;3;1;1;16,000000;11430
284;1000048;P00162442;M;26-35;4;B;3;1;1;16,000000;11404
285;1000048;P00078542;M;26-35;4;B;3;1;1;2,000000;11853
286;1000048;P0094142;M;26-35;4;B;3;1;4;5,000000;1446
287;1000048;P00324442;M;26-35;4;B;3;1;11;13,000000;3101
288;1000048;P00041642;M;26-35;4;B;3;1;5;9,627841;3694
289;1000048;P00050542;M;26-35;4;B;3;1;5;9,627841;3696
290;1000048;P00006442;M;26-35;4;B;3;1;5;9,627841;3580
291;1000049;P00051442;M;18-25;12;C;4+;1;8;17,000000;9879
292;1000049;P00350942;M;18-25;12;C;4+;1;3;4,000000;10783
293;1000049;P00000142;M;18-25;12;C;4+;1;3;4,000000;13353
294;1000049;P00127242;M;18-25;12;C;4+;1;1;16,000000;15715
295;1000049;P00034042;M;18-25;12;C;4+;1;1;2,000000;11463
296;1000049;P00143142;M;18-25;12;C;4+;1;8;14,000000;7763
297;1000050;P00317942;F;26-35;2;A;1;1;8;16,000000;5878
298;1000050;P00335542;F;26-35;2;A;1;1;8;9,627841;5845
299;1000051;P00361842;F;0-17;10;C;2;0;15;16,000000;17271
300;1000052;P00147942;M;18-25;4;C;0;0;1;16,000000;15244
301;1000052;P00000642;M;18-25;4;C;0;0;1;6,000000;19060
302;1000052;P00037142;M;18-25;4;C;0;0;1;2,000000;15772
303;1000052;P00028042;M;18-25;4;C;0;0;1;16,000000;8159
305;1000053;P00120342;M;26-35;0;B;1;0;5;17,000000;8637
306;1000053;P00130742;M;26-35;0;B;1;0;1;14,000000;19251
307;1000053;P00024142;M;26-35;0;B;1;0;8;9,000000;10021
308;1000053;P00127242;M;26-35;0;B;1;0;1;16,000000;15734
309;1000053;P00209742;M;26-35;0;B;1;0;1;11,000000;19662
310;1000053;P00160042;M;26-35;0;B;1;0;1;13,000000;19416
311;1000053;P00042342;M;26-35;0;B;1;0;8;16,000000;5996
312;1000053;P00016542;M;26-35;0;B;1;0;1;6,000000;11937
313;1000053;P00016742;M;26-35;0;B;1;0;1;15,000000;15859
314;1000053;P00227642;M;26-35;0;B;1;0;1;5,000000;11723
315;1000053;P00146142;M;26-35;0;B;1;0;1;2,000000;11793
316;1000053;P00070542;M;26-35;0;B;1;0;3;15,000000;13689
317;1000053;P00129842;M;26-35;0;B;1;0;6;8,000000;16306
318;1000053;P00243942;M;26-35;0;B;1;0;1;2,000000;19171
319;1000053;P00246742;M;26-35;0;B;1;0;11;15,000000;1629
320;1000053;P00310142;M;26-35;0;B;1;0;5;15,000000;6931
321;1000053;P00244142;M;26-35;0;B;1;0;1;2,000000;12004
322;1000053;P00085442;M;26-35;0;B;1;0;12;14,000000;1752
323;1000053;P00190142;M;26-35;0;B;1;0;3;4,000000;10766
324;1000053;P00109242;M;26-35;0;B;1;0;6;8,000000;20529
325;1000053;P00089342;M;26-35;0;B;1;0;8;9,627841;9856
326;1000053;P00288542;M;26-35;0;B;1;0;8;9,627841;8000
327;1000053;P00212242;M;26-35;0;B;1;0;8;9,627841;10038
328;1000053;P00319342;M;26-35;0;B;1;0;5;8,000000;8685
329;1000053;P00302942;M;26-35;0;B;1;0;8;9,627841;7796
330;1000053;P00145942;M;26-35;0;B;1;0;6;8,000000;20474
331;1000053;P00026342;M;26-35;0;B;1;0;8;9,627841;7820
332;1000053;P00148842;M;26-35;0;B;1;0;6;8,000000;16477
333;1000054;P00299842;M;51-55;1;C;4+;1;8;9,627841;6198
334;1000054;P00313342;M;51-55;1;C;4+;1;5;9,627841;5185
335;1000056;P00102442;M;36-45;20;C;0;1;8;9,627841;5980
336;1000056;P00237542;M;36-45;20;C;0;1;1;15,000000;11370
337;1000056;P00213742;M;36-45;20;C;0;1;8;9,627841;9834
338;1000056;P0099342;M;36-45;20;C;0;1;5;8,000000;2012
339;1000057;P00171542;M;18-25;19;C;2;0;2;5,000000;3581
340;1000057;P00135742;M;18-25;19;C;2;0;6;8,000000;12131
341;1000057;P00350342;M;18-25;19;C;2;0;1;6,000000;4290
342;1000058;P00110742;M;26-35;2;B;3;0;1;2,000000;15824
343;1000058;P00117642;M;26-35;2;B;3;0;10;16,000000;23603
344;1000058;P00114142;M;26-35;2;B;3;0;8;9,627841;9940
345;1000058;P00119142;M;26-35;2;B;3;0;3;4,000000;13557
346;1000058;P00280742;M;26-35;2;B;3;0;6;8,000000;16420
347;1000058;P00271142;M;26-35;2;B;3;0;5;9,627841;8842
348;1000058;P00348242;M;26-35;2;B;3;0;8;9,627841;7959
349;1000058;P00003942;M;26-35;2;B;3;0;5;14,000000;6987
350;1000058;P00282642;M;26-35;2;B;3;0;5;9,627841;6855
352;1000058;P00151742;M;26-35;2;B;3;0;8;15,000000;5851
353;1000058;P00244142;M;26-35;2;B;3;0;1;2,000000;8147
354;1000058;P00050642;M;26-35;2;B;3;0;15;16,000000;12850
355;1000059;P00114742;F;51-55;1;B;4+;1;8;9,627841;5899
356;1000059;P00113942;F;51-55;1;B;4+;1;8;9,627841;3993
357;1000059;P00120942;F;51-55;1;B;4+;1;8;9,627841;8084
358;1000059;P00083842;F;51-55;1;B;4+;1;5;14,000000;7159
359;1000059;P00148642;F;51-55;1;B;4+;1;6;10,000000;12014
360;1000059;P00317842;F;51-55;1;B;4+;1;8;9,627841;8007
361;1000059;P00030642;F;51-55;1;B;4+;1;8;9,627841;6141
362;1000059;P00273642;F;51-55;1;B;4+;1;8;14,000000;9695
363;1000059;P00002542;F;51-55;1;B;4+;1;8;14,000000;5900
364;1000059;P00331642;F;51-55;1;B;4+;1;12;9,627841;1384
365;1000059;P00331242;F;51-55;1;B;4+;1;12;17,000000;1432
366;1000059;P0096442;F;51-55;1;B;4+;1;4;5,000000;2074
367;1000059;P00050242;F;51-55;1;B;4+;1;8;9,627841;7864
368;1000059;P00131942;F;51-55;1;B;4+;1;7;9,627841;8784
369;1000059;P00010742;F;51-55;1;B;4+;1;1;8,000000;7988
370;1000060;P00150542;M;51-55;1;C;1;1;5;9,627841;2048
371;1000060;P00132042;M;51-55;1;C;1;1;13;16,000000;742
372;1000061;P00334242;M;26-35;17;C;1;0;1;8,000000;15365
373;1000062;P00013742;F;36-45;3;A;1;0;5;9,627841;5234
374;1000062;P00036842;F;36-45;3;A;1;0;1;14,000000;11694
375;1000062;P00119342;F;36-45;3;A;1;0;10;13,000000;23792
376;1000062;P00182142;F;36-45;3;A;1;0;1;5,000000;15654
377;1000062;P00188942;F;36-45;3;A;1;0;8;9,627841;9844
379;1000062;P00320442;F;36-45;3;A;1;0;6;10,000000;15957
380;1000062;P00121642;F;36-45;3;A;1;0;5;14,000000;8599
381;1000062;P00289542;F;36-45;3;A;1;0;8;9,627841;8138
382;1000062;P00329742;F;36-45;3;A;1;0;6;16,000000;12422
383;1000062;P00326642;F;36-45;3;A;1;0;8;9,627841;7766
384;1000062;P00346142;F;36-45;3;A;1;0;1;15,000000;15208
385;1000062;P00336142;F;36-45;3;A;1;0;5;12,000000;5284
386;1000062;P00111442;F;36-45;3;A;1;0;8;9,627841;7965
387;1000062;P00087242;F;36-45;3;A;1;0;14;9,627841;11279
388;1000063;P00234742;M;18-25;4;C;2;0;8;9,627841;5881
389;1000063;P00021742;M;18-25;4;C;2;0;5;9,627841;8587
390;1000063;P00090842;M;18-25;4;C;2;0;11;15,000000;7552
391;1000063;P00214542;M;18-25;4;C;2;0;8;9,627841;2226
392;1000064;P00110942;M;18-25;1;A;1;1;1;2,000000;19462
393;1000065;P00289942;M;36-45;12;C;2;1;3;4,000000;13253
394;1000065;P00147942;M;36-45;12;C;2;1;1;16,000000;19420
395;1000065;P00216142;M;36-45;12;C;2;1;1;16,000000;19409
396;1000065;P00104842;M;36-45;12;C;2;1;8;9,627841;9889
397;1000065;P00113142;M;36-45;12;C;2;1;1;5,000000;15628
398;1000065;P00177942;M;36-45;12;C;2;1;5;8,000000;7053
399;1000066;P00265242;M;26-35;18;C;2;0;5;8,000000;8652
400;1000067;P00118142;F;51-55;5;C;4+;1;8;17,000000;8088
401;1000067;P00003642;F;51-55;5;C;4+;1;8;9,627841;9878
402;1000067;P00178342;F;51-55;5;C;4+;1;8;9,627841;7771
403;1000068;P00289742;M;18-25;4;A;0;0;8;9,627841;9938
404;1000068;P00085042;M;18-25;4;A;0;0;5;6,000000;7036
405;1000068;P00248942;M;18-25;4;A;0;0;1;6,000000;11429
406;1000069;P00184942;F;26-35;1;A;1;0;1;8,000000;11715
407;1000069;P00041542;F;26-35;1;A;1;0;8;9,627841;7973
408;1000070;P00249142;M;18-25;4;A;2;0;5;9,627841;7076
409;1000070;P00284042;M;18-25;4;A;2;0;8;17,000000;2304
410;1000071;P00165442;M;26-35;14;A;0;1;1;15,000000;11846
411;1000071;P00115942;M;26-35;14;A;0;1;8;17,000000;7908
412;1000071;P00278642;M;26-35;14;A;0;1;5;9,627841;5223
413;1000071;P00021742;M;26-35;14;A;0;1;5;9,627841;6996
414;1000072;P00156442;F;46-50;0;B;1;1;8;9,627841;7968
415;1000072;P00318742;F;46-50;0;B;1;1;1;8,000000;15426
416;1000073;P00351142;M;18-25;4;A;4+;0;1;8,000000;15900
417;1000073;P00074442;M;18-25;4;A;4+;0;1;16,000000;11822
418;1000073;P00047242;M;18-25;4;A;4+;0;1;5,000000;7802
419;1000073;P00199042;M;18-25;4;A;4+;0;1;5,000000;15624
420;1000073;P00192542;M;18-25;4;A;4+;0;1;2,000000;15212
421;1000074;P00351142;M;36-45;14;A;2;1;1;8,000000;15581
422;1000074;P00350042;M;36-45;14;A;2;1;6;8,000000;12409
423;1000075;P00248442;F;0-17;10;C;4+;0;3;4,000000;13337
424;1000075;P00172842;F;0-17;10;C;4+;0;3;4,000000;13667
425;1000075;P00198142;F;0-17;10;C;4+;0;2;4,000000;12746
426;1000075;P00282142;F;0-17;10;C;4+;0;3;4,000000;5349
427;1000075;P00166942;F;0-17;10;C;4+;0;2;4,000000;16187
428;1000075;P00187742;F;0-17;10;C;4+;0;2;4,000000;16320
429;1000075;P00003442;F;0-17;10;C;4+;0;4;5,000000;2129
430;1000075;P00060242;F;0-17;10;C;4+;0;3;4,000000;11055
431;1000075;P00137642;F;0-17;10;C;4+;0;3;4,000000;11000
432;1000075;P00106742;F;0-17;10;C;4+;0;3;5,000000;10578
433;1000076;P00126142;M;36-45;7;B;2;1;8;16,000000;7909
434;1000076;P00219842;M;36-45;7;B;2;1;5;9,627841;7190
435;1000076;P00046142;M;36-45;7;B;2;1;1;16,000000;15393
436;1000076;P00338442;M;36-45;7;B;2;1;1;16,000000;11867
437;1000076;P00328142;M;36-45;7;B;2;1;8;16,000000;5973
438;1000077;P00255542;M;18-25;4;C;2;0;5;9,627841;6909
439;1000077;P00250842;M;18-25;4;C;2;0;8;9,627841;6144
440;1000077;P00260142;M;18-25;4;C;2;0;5;14,000000;5432
441;1000078;P0097142;F;46-50;1;C;0;1;12;9,627841;1720
442;1000078;P00209842;F;46-50;1;C;0;1;5;8,000000;6852
443;1000078;P00212942;F;46-50;1;C;0;1;5;9,627841;7061
444;1000078;P00283942;F;46-50;1;C;0;1;5;9,627841;6868
445;1000078;P00303242;F;46-50;1;C;0;1;5;8,000000;8598
446;1000078;P00170442;F;46-50;1;C;0;1;5;9,627841;3624
447;1000078;P00045842;F;46-50;1;C;0;1;5;14,000000;6986
448;1000078;P00040442;F;46-50;1;C;0;1;5;14,000000;6862
449;1000079;P00195842;F;46-50;0;A;1;0;3;4,000000;7962
450;1000079;P00148642;F;46-50;0;A;1;0;6;10,000000;15943
451;1000080;P00157542;M;55+;1;C;3;1;8;14,000000;9788
452;1000080;P00293242;M;55+;1;C;3;1;8;16,000000;9859
453;1000080;P00064042;M;55+;1;C;3;1;3;4,000000;8248
454;1000081;P00344242;F;26-35;0;A;1;1;8;10,000000;10058
455;1000082;P00015542;M;26-35;17;C;2;1;1;2,000000;8162
456;1000082;P00001642;M;26-35;17;C;2;1;8;16,000000;8045
457;1000083;P00105142;F;26-35;2;C;1;0;1;2,000000;15584
458;1000083;P00251242;F;26-35;2;C;1;0;5;11,000000;8775
459;1000083;P00183442;F;26-35;2;C;1;0;1;2,000000;7996
460;1000083;P00199442;F;26-35;2;C;1;0;5;9,000000;6889
461;1000083;P00054542;F;26-35;2;C;1;0;1;2,000000;11730
462;1000084;P00034742;M;18-25;4;C;1;0;5;14,000000;5315
463;1000084;P00042242;M;18-25;4;C;1;0;5;15,000000;3497
464;1000084;P00277442;M;18-25;4;C;1;0;1;6,000000;11896
465;1000084;P00163142;M;18-25;4;C;1;0;6;8,000000;20595
466;1000085;P00027142;M;18-25;4;C;1;0;8;9,627841;5986
467;1000086;P00145042;F;0-17;10;C;3;0;1;2,000000;19283
468;1000086;P00053942;F;0-17;10;C;3;0;1;2,000000;19442
469;1000087;P00173342;M;26-35;14;C;2;0;1;6,000000;4121
470;1000087;P00233342;M;26-35;14;C;2;0;1;15,000000;3847
471;1000087;P00036842;M;26-35;14;C;2;0;1;14,000000;4528
472;1000088;P00010842;F;46-50;1;C;1;1;8;16,000000;10022
473;1000088;P00120242;F;46-50;1;C;1;1;8;9,627841;7809
474;1000088;P00313342;F;46-50;1;C;1;1;5;9,627841;7019
475;1000089;P00223942;F;55+;9;C;1;1;5;8,000000;8804
476;1000089;P00362342;F;55+;9;C;1;1;5;9,627841;1747
477;1000090;P00027542;M;55+;13;C;1;0;8;9,627841;6122
478;1000090;P00051442;M;55+;13;C;1;0;8;17,000000;7824
479;1000090;P00234842;M;55+;13;C;1;0;5;6,000000;8714
480;1000090;P00029242;M;55+;13;C;1;0;8;9,627841;7786
481;1000090;P0097842;M;55+;13;C;1;0;5;9,627841;6975
482;1000090;P00160942;M;55+;13;C;1;0;1;16,000000;15433
483;1000090;P00136542;M;55+;13;C;1;0;5;8,000000;3667
484;1000090;P00223242;M;55+;13;C;1;0;5;14,000000;5354
485;1000090;P00127942;M;55+;13;C;1;0;1;2,000000;11605
486;1000090;P00248542;M;55+;13;C;1;0;8;16,000000;6078
487;1000090;P00145842;M;55+;13;C;1;0;4;5,000000;1463
488;1000090;P00214342;M;55+;13;C;1;0;5;9,627841;2010
489;1000090;P00161542;M;55+;13;C;1;0;2;15,000000;10009
490;1000090;P00001942;M;55+;13;C;1;0;5;9,627841;7178
491;1000091;P00010842;M;36-45;7;C;3;1;8;16,000000;6013
492;1000091;P00220442;M;36-45;7;C;3;1;5;14,000000;8858
493;1000091;P00278642;M;36-45;7;C;3;1;5;9,627841;5252
494;1000091;P00138542;M;36-45;7;C;3;1;5;6,000000;8771
495;1000092;P00317942;F;18-25;4;B;1;0;8;16,000000;7884
496;1000092;P00190042;F;18-25;4;B;1;0;3;4,000000;13400
497;1000092;P00328042;F;18-25;4;B;1;0;8;14,000000;2233
498;1000092;P00370242;F;18-25;4;B;1;0;5;9,627841;3545
499;1000092;P00340642;F;18-25;4;B;1;0;5;9,627841;1868
500;1000092;P00358242;F;18-25;4;B;1;0;8;9,627841;5916
501;1000092;P0096542;F;18-25;4;B;1;0;3;4,000000;5780
502;1000092;P0096942;F;18-25;4;B;1;0;3;4,000000;5755
503;1000092;P00074142;F;18-25;4;B;1;0;3;4,000000;3126
504;1000092;P00273442;F;18-25;4;B;1;0;12;14,000000;1387
505;1000092;P00270042;F;18-25;4;B;1;0;8;14,000000;2114
507;1000092;P00223842;F;18-25;4;B;1;0;2;4,000000;3460
508;1000092;P00014842;F;18-25;4;B;1;0;1;2,000000;11449
509;1000092;P00274342;F;18-25;4;B;1;0;2;8,000000;6434
510;1000093;P00199442;M;26-35;17;B;1;1;5;9,000000;7038
511;1000093;P00216342;M;26-35;17;B;1;1;3;4,000000;11031
512;1000093;P00070542;M;26-35;17;B;1;1;3;15,000000;13293
513;1000093;P00112542;M;26-35;17;B;1;1;1;11,000000;15895
514;1000093;P00346142;M;26-35;17;B;1;1;1;15,000000;19247
515;1000093;P00208742;M;26-35;17;B;1;1;1;6,000000;8058
516;1000093;P00248942;M;26-35;17;B;1;1;1;6,000000;11754
517;1000093;P00351142;M;26-35;17;B;1;1;1;8,000000;12037
518;1000093;P00304442;M;26-35;17;B;1;1;1;16,000000;15479
519;1000093;P00014042;M;26-35;17;B;1;1;1;9,627841;7836
520;1000093;P00028442;M;26-35;17;B;1;1;1;8,000000;15901
521;1000093;P00155442;M;26-35;17;B;1;1;1;11,000000;11533
522;1000093;P00133442;M;26-35;17;B;1;1;1;16,000000;11601
523;1000093;P00159842;M;26-35;17;B;1;1;1;16,000000;4251
524;1000093;P00019942;M;26-35;17;B;1;1;1;9,627841;8289
525;1000093;P00366542;M;26-35;17;B;1;1;5;9,627841;3612
526;1000094;P00117042;M;26-35;17;C;1;0;1;2,000000;15482
527;1000095;P00141942;M;46-50;0;C;4+;1;5;8,000000;3746
528;1000095;P00003642;M;46-50;0;C;4+;1;8;9,627841;7857
529;1000096;P00117942;F;26-35;16;C;2;1;5;15,000000;7193
530;1000096;P00001742;F;26-35;16;C;2;1;8;14,000000;5857
531;1000097;P00209842;F;36-45;3;C;3;0;5;8,000000;7040
532;1000097;P00293742;F;36-45;3;C;3;0;8;9,627841;7976
533;1000097;P00315442;F;36-45;3;C;3;0;1;9,627841;11670
534;1000097;P00297642;F;36-45;3;C;3;0;8;9,627841;6150
535;1000097;P00088542;F;36-45;3;C;3;0;5;12,000000;6964
536;1000097;P00089042;F;36-45;3;C;3;0;13;9,627841;940
537;1000097;P00175742;F;36-45;3;C;3;0;8;17,000000;9956
538;1000097;P00115942;F;36-45;3;C;3;0;8;17,000000;7773
539;1000099;P00317842;F;0-17;10;C;1;0;8;9,627841;5935
540;1000099;P00334242;F;0-17;10;C;1;0;1;8,000000;18982
541;1000099;P00035542;F;0-17;10;C;1;0;3;4,000000;10769
542;1000099;P00129542;F;0-17;10;C;1;0;8;14,000000;7821
543;1000099;P00234842;F;0-17;10;C;1;0;5;6,000000;2007
544;1000100;P00057942;M;36-45;17;C;4+;0;1;2,000000;11612
545;1000100;P00037142;M;36-45;17;C;4+;0;1;2,000000;7824
546;1000100;P00059442;M;36-45;17;C;4+;0;6;8,000000;12486
547;1000101;P00278042;F;18-25;3;A;1;0;1;9,627841;19464
548;1000101;P00154042;F;18-25;3;A;1;0;1;2,000000;19027
549;1000101;P00014042;F;18-25;3;A;1;0;1;9,627841;19394
550;1000101;P00262242;F;18-25;3;A;1;0;1;11,000000;15871
551;1000102;P00010842;M;36-45;19;C;3;0;8;16,000000;9941
552;1000102;P00334242;M;36-45;19;C;3;0;1;8,000000;3829
553;1000102;P00337942;M;36-45;19;C;3;0;5;9,627841;7108
554;1000102;P00274942;M;36-45;19;C;3;0;8;9,627841;4102
555;1000102;P00229342;M;36-45;19;C;3;0;5;14,000000;2028
556;1000102;P00274242;M;36-45;19;C;3;0;1;9,627841;8310
557;1000102;P00084642;M;36-45;19;C;3;0;13;16,000000;929
558;1000103;P00071242;M;46-50;7;B;2;1;1;15,000000;15827
559;1000103;P00050442;M;46-50;7;B;2;1;1;8,000000;15233
560;1000103;P0097342;M;46-50;7;B;2;1;1;15,000000;15418
561;1000103;P00165442;M;46-50;7;B;2;1;1;15,000000;15801
562;1000105;P00269542;M;46-50;12;C;1;1;11;15,000000;6073
563;1000105;P00045542;M;46-50;12;C;1;1;5;14,000000;6975
564;1000105;P00139742;M;46-50;12;C;1;1;8;16,000000;4039
565;1000105;P00332242;M;46-50;12;C;1;1;1;16,000000;11476
566;1000106;P00205442;F;36-45;11;C;4+;0;5;8,000000;7035
567;1000106;P00085542;F;36-45;11;C;4+;0;5;14,000000;8645
568;1000106;P00112142;F;36-45;11;C;4+;0;1;2,000000;19703
569;1000107;P00323742;M;46-50;18;C;4+;0;8;9,627841;9753
570;1000107;P00183142;M;46-50;18;C;4+;0;15;9,627841;17403
571;1000107;P00344242;M;46-50;18;C;4+;0;8;10,000000;3921
572;1000107;P00298242;M;46-50;18;C;4+;0;8;9,627841;5823
574;1000107;P0097142;M;46-50;18;C;4+;0;12;9,627841;1058
575;1000108;P00013942;M;26-35;12;C;3;0;5;9,627841;2021
576;1000109;P00087042;M;46-50;15;C;1;1;10;14,000000;19131
577;1000109;P00087342;M;46-50;15;C;1;1;5;14,000000;6863
578;1000109;P00195642;M;46-50;15;C;1;1;5;9,627841;7085
579;1000110;P00035842;M;26-35;2;B;4+;0;5;6,000000;6923
580;1000111;P00036842;M;36-45;15;C;3;0;1;14,000000;15351
581;1000111;P00013942;M;36-45;15;C;3;0;5;9,627841;5149
582;1000112;P00289942;M;26-35;16;C;3;1;3;4,000000;13575
583;1000113;P00351142;M;18-25;12;C;2;0;1;8,000000;19697
584;1000113;P00147342;M;18-25;12;C;2;0;15;16,000000;12790
585;1000114;P00350942;F;26-35;2;C;0;0;3;4,000000;10930
586;1000114;P00176842;F;26-35;2;C;0;0;12;14,000000;1735
587;1000116;P00275842;M;26-35;17;C;2;1;2;9,000000;16171
588;1000116;P00192542;M;26-35;17;C;2;1;1;2,000000;15726
589;1000117;P00351342;M;26-35;17;A;2;1;1;2,000000;8337
590;1000117;P00184142;M;26-35;17;A;2;1;8;14,000000;9756
591;1000117;P00317342;M;26-35;17;A;2;1;8;16,000000;8140
592;1000117;P00217242;M;26-35;17;A;2;1;1;15,000000;12009
593;1000117;P00014542;M;26-35;17;A;2;1;8;9,627841;5959
594;1000117;P00021742;M;26-35;17;A;2;1;5;9,627841;8649
595;1000117;P00358242;M;26-35;17;A;2;1;8;9,627841;2018
596;1000117;P00335442;M;26-35;17;A;2;1;1;15,000000;7880
597;1000117;P0098342;M;26-35;17;A;2;1;1;2,000000;19446
598;1000117;P00079742;M;26-35;17;A;2;1;1;2,000000;8300
599;1000117;P00143642;M;26-35;17;A;2;1;1;2,000000;11893
600;1000117;P00251342;M;26-35;17;A;2;1;5;11,000000;5415
601;1000117;P00232342;M;26-35;17;A;2;1;11;9,627841;2967
602;1000117;P00179042;M;26-35;17;A;2;1;11;9,627841;4543
603;1000117;P00180942;M;26-35;17;A;2;1;11;9,627841;1474
604;1000117;P00265742;M;26-35;17;A;2;1;5;12,000000;5417
605;1000118;P00194542;M;36-45;17;C;4+;0;8;14,000000;8081
606;1000118;P00001742;M;36-45;17;C;4+;0;8;14,000000;9712
607;1000118;P00127642;M;36-45;17;C;4+;0;1;2,000000;15909
608;1000118;P00355142;M;36-45;17;C;4+;0;1;15,000000;15651
609;1000118;P00144642;M;36-45;17;C;4+;0;1;15,000000;15756
610;1000118;P00201342;M;36-45;17;C;4+;0;1;2,000000;8012
611;1000118;P00251942;M;36-45;17;C;4+;0;1;2,000000;11408
612;1000118;P00009342;M;36-45;17;C;4+;0;1;16,000000;15492
613;1000118;P00345842;M;36-45;17;C;4+;0;2;8,000000;9569
614;1000118;P00191442;M;36-45;17;C;4+;0;1;2,000000;15687
615;1000118;P00223242;M;36-45;17;C;4+;0;5;14,000000;5304
616;1000118;P00120342;M;36-45;17;C;4+;0;5;17,000000;6923
617;1000119;P00330642;F;0-17;10;C;1;0;5;9,627841;5277
618;1000119;P00238542;F;0-17;10;C;1;0;5;14,000000;7088
619;1000119;P0094942;F;0-17;10;C;1;0;4;8,000000;2122
620;1000119;P00068042;F;0-17;10;C;1;0;3;4,000000;5597
621;1000119;P00227642;F;0-17;10;C;1;0;1;5,000000;15837
622;1000120;P00005042;M;26-35;11;C;0;0;6;16,000000;16128
623;1000121;P00102042;M;36-45;7;C;2;0;5;9,627841;3627
624;1000121;P00059742;M;36-45;7;C;2;0;1;11,000000;19498
625;1000122;P00142142;F;18-25;4;C;1;0;1;2,000000;4530
626;1000123;P00248142;M;36-45;9;B;4+;1;5;9,627841;3639
627;1000123;P00279342;M;36-45;9;B;4+;1;5;14,000000;5314
628;1000123;P00267542;M;36-45;9;B;4+;1;1;16,000000;12111
629;1000123;P00217742;M;36-45;9;B;4+;1;5;14,000000;3631
630;1000123;P00113242;M;36-45;9;B;4+;1;1;6,000000;19586
631;1000123;P00000642;M;36-45;9;B;4+;1;1;6,000000;18971
632;1000123;P00163342;M;36-45;9;B;4+;1;6;8,000000;16456
633;1000123;P00116842;M;36-45;9;B;4+;1;2;5,000000;13009
634;1000123;P00036842;M;36-45;9;B;4+;1;1;14,000000;15635
635;1000123;P00278042;M;36-45;9;B;4+;1;1;9,627841;15181
637;1000123;P00061142;M;36-45;9;B;4+;1;8;16,000000;6187
638;1000123;P00015942;M;36-45;9;B;4+;1;6;10,000000;16446
639;1000123;P00346542;M;36-45;9;B;4+;1;10;13,000000;14650
640;1000123;P00188742;M;36-45;9;B;4+;1;8;14,000000;7810
641;1000123;P00346942;M;36-45;9;B;4+;1;1;5,000000;8143
642;1000123;P00212542;M;36-45;9;B;4+;1;8;14,000000;4018
643;1000123;P00007042;M;36-45;9;B;4+;1;1;9,627841;11971
644;1000123;P00240242;M;36-45;9;B;4+;1;1;15,000000;8130
645;1000124;P00291042;M;55+;7;C;1;1;8;9,627841;7904
646;1000125;P00244642;M;46-50;14;B;3;1;11;9,627841;4497
648;1000125;P00274142;M;46-50;14;B;3;1;1;9,627841;19234
649;1000125;P00266642;M;46-50;14;B;3;1;1;8,000000;15253
650;1000125;P00182142;M;46-50;14;B;3;1;1;5,000000;19064
651;1000125;P00270542;M;46-50;14;B;3;1;1;6,000000;11647
652;1000126;P00087042;M;18-25;9;B;1;0;10;14,000000;23233
653;1000126;P00121642;M;18-25;9;B;1;0;5;14,000000;3638
654;1000127;P00145042;F;46-50;3;C;1;1;1;2,000000;19681
655;1000127;P00086442;F;46-50;3;C;1;1;8;13,000000;5886
656;1000127;P00361842;F;46-50;3;C;1;1;15;16,000000;17320
657;1000127;P00057442;F;46-50;3;C;1;1;5;14,000000;5332
658;1000127;P00078142;F;46-50;3;C;1;1;8;16,000000;7890
659;1000128;P00245642;M;55+;6;A;1;1;5;11,000000;8629
660;1000129;P00037542;M;26-35;11;C;2;0;1;9,627841;15383
661;1000129;P00049842;M;26-35;11;C;2;0;1;8,000000;15641
662;1000129;P00022942;M;26-35;11;C;2;0;5;8,000000;5298
663;1000129;P00000642;M;26-35;11;C;2;0;1;6,000000;15525
664;1000129;P00183442;M;26-35;11;C;2;0;1;2,000000;19406
665;1000130;P00350442;M;36-45;17;B;3;1;2;3,000000;3688
666;1000130;P00119542;M;36-45;17;B;3;1;8;14,000000;2209
667;1000130;P00025442;M;36-45;17;B;3;1;1;2,000000;19706
668;1000130;P00080342;M;36-45;17;B;3;1;1;6,000000;15907
669;1000130;P00127642;M;36-45;17;B;3;1;1;2,000000;19062
670;1000130;P00127242;M;36-45;17;B;3;1;1;16,000000;15244
671;1000130;P00338542;M;36-45;17;B;3;1;1;9,627841;19304
672;1000130;P00246142;M;36-45;17;B;3;1;1;15,000000;19240
673;1000130;P00317642;M;36-45;17;B;3;1;1;2,000000;19559
674;1000130;P00339542;M;36-45;17;B;3;1;1;9,627841;19090
675;1000130;P00277442;M;36-45;17;B;3;1;1;6,000000;15744
676;1000131;P00170642;M;18-25;4;C;4+;0;5;8,000000;6886
677;1000131;P00115442;M;18-25;4;C;4+;0;8;9,627841;8075
678;1000131;P00212742;M;18-25;4;C;4+;0;5;9,627841;8801
679;1000131;P00209842;M;18-25;4;C;4+;0;5;8,000000;8734
680;1000131;P00150742;M;18-25;4;C;4+;0;8;14,000000;5936
681;1000131;P00154642;M;18-25;4;C;4+;0;8;9,627841;5945
682;1000131;P00109342;M;18-25;4;C;4+;0;5;9,627841;5418
683;1000131;P00162642;M;18-25;4;C;4+;0;5;8,000000;6896
684;1000131;P00192542;M;18-25;4;C;4+;0;1;2,000000;7734
685;1000131;P00017042;M;18-25;4;C;4+;0;8;9,627841;8127
686;1000132;P00100842;M;26-35;17;C;1;0;5;9,627841;8709
687;1000132;P00329442;M;26-35;17;C;1;0;5;8,000000;8678
688;1000132;P00303842;M;26-35;17;C;1;0;5;8,000000;5463
689;1000132;P00045842;M;26-35;17;C;1;0;5;14,000000;3743
690;1000132;P00250242;M;26-35;17;C;1;0;5;9,627841;8751
691;1000133;P00012542;F;26-35;0;C;1;1;5;14,000000;6954
692;1000133;P00152442;F;26-35;0;C;1;1;8;9,627841;9972
693;1000133;P00058442;F;26-35;0;C;1;1;5;14,000000;7041
694;1000133;P00303842;F;26-35;0;C;1;1;5;8,000000;8779
695;1000133;P00248342;F;26-35;0;C;1;1;8;13,000000;7797
696;1000134;P00218642;M;26-35;0;C;3;1;5;9,627841;3622
697;1000134;P00125942;M;26-35;0;C;3;1;1;2,000000;15783
698;1000134;P00241542;M;26-35;0;C;3;1;1;6,000000;3843
699;1000134;P00346442;M;26-35;0;C;3;1;1;2,000000;3877
700;1000135;P00295942;M;18-25;4;C;1;1;2;5,000000;16241
701;1000135;P00248942;M;18-25;4;C;1;1;1;6,000000;19146
702;1000135;P00270142;M;18-25;4;C;1;1;5;9,627841;3709
703;1000136;P0099042;M;18-25;2;B;3;0;5;12,000000;8850
704;1000136;P00367142;M;18-25;2;B;3;0;11;9,627841;1498
705;1000136;P00233342;M;18-25;2;B;3;0;1;15,000000;4304
706;1000136;P00118842;M;18-25;2;B;3;0;5;8,000000;7031
707;1000136;P00034842;M;18-25;2;B;3;0;5;14,000000;1754
708;1000136;P00001142;M;18-25;2;B;3;0;5;8,000000;3613
709;1000136;P00008842;M;18-25;2;B;3;0;1;16,000000;15563
710;1000136;P00222142;M;18-25;2;B;3;0;5;13,000000;7092
711;1000136;P00059442;M;18-25;2;B;3;0;6;8,000000;16709
712;1000136;P00189842;M;18-25;2;B;3;0;3;4,000000;5596
713;1000136;P00074142;M;18-25;2;B;3;0;3;4,000000;8224
714;1000136;P00051942;M;18-25;2;B;3;0;5;6,000000;6901
715;1000136;P00013742;M;18-25;2;B;3;0;5;9,627841;5289
716;1000136;P00321742;M;18-25;2;B;3;0;5;8,000000;5228
717;1000137;P00250842;F;46-50;6;C;4+;1;8;9,627841;8126
718;1000137;P00198742;F;46-50;6;C;4+;1;1;2,000000;11446
719;1000137;P00010742;F;46-50;6;C;4+;1;1;8,000000;15334
720;1000137;P00303342;F;46-50;6;C;4+;1;1;16,000000;15739
721;1000137;P00004242;F;46-50;6;C;4+;1;1;6,000000;11809
722;1000137;P00173942;F;46-50;6;C;4+;1;1;5,000000;11814
723;1000137;P00058442;F;46-50;6;C;4+;1;5;14,000000;6938
725;1000137;P00026042;F;46-50;6;C;4+;1;8;14,000000;8066
726;1000138;P00113242;M;18-25;20;C;1;1;1;6,000000;19391
727;1000138;P00081142;M;18-25;20;C;1;1;6;8,000000;12146
728;1000138;P00135742;M;18-25;20;C;1;1;6;8,000000;19977
729;1000139;P00329542;F;26-35;20;C;2;0;1;15,000000;7773
730;1000139;P00249642;F;26-35;20;C;2;0;3;5,000000;8314
731;1000139;P00020142;F;26-35;20;C;2;0;7;9,627841;21002
732;1000139;P00274942;F;26-35;20;C;2;0;8;9,627841;9746
733;1000139;P00110842;F;26-35;20;C;2;0;1;2,000000;15239
734;1000139;P00121342;F;26-35;20;C;2;0;1;5,000000;15795
735;1000139;P00121642;F;26-35;20;C;2;0;5;14,000000;8778
736;1000139;P00159542;F;26-35;20;C;2;0;10;15,000000;23595
737;1000139;P00115142;F;26-35;20;C;2;0;1;8,000000;19117
738;1000139;P00044442;F;26-35;20;C;2;0;1;16,000000;15688
739;1000139;P00227542;F;26-35;20;C;2;0;13;9,627841;928
740;1000139;P00127842;F;26-35;20;C;2;0;1;2,000000;15311
741;1000139;P00241642;F;26-35;20;C;2;0;1;2,000000;19621
742;1000139;P00226742;F;26-35;20;C;2;0;11;9,627841;1558
743;1000140;P00062842;F;36-45;1;B;3;0;1;2,000000;3843
744;1000140;P00084642;F;36-45;1;B;3;0;13;16,000000;770
745;1000142;P00192042;M;26-35;7;A;2;0;5;9,000000;5267
746;1000142;P00002542;M;26-35;7;A;2;0;8;14,000000;4072
747;1000142;P00028842;M;26-35;7;A;2;0;6;8,000000;20214
748;1000142;P00184942;M;26-35;7;A;2;0;1;8,000000;12025
749;1000142;P00025442;M;26-35;7;A;2;0;1;2,000000;15212
750;1000143;P00250242;M;18-25;3;C;0;0;5;9,627841;7170
751;1000143;P00184942;M;18-25;3;C;0;0;1;8,000000;19662
752;1000143;P00284642;M;18-25;3;C;0;0;5;8,000000;6951
754;1000145;P00317842;M;18-25;4;C;4+;0;8;9,627841;5953
755;1000145;P00214142;M;18-25;4;C;4+;0;8;9,627841;9756
756;1000145;P00248342;M;18-25;4;C;4+;0;8;13,000000;2159
757;1000146;P00248942;F;36-45;20;B;3;1;1;6,000000;15659
758;1000146;P00188542;F;36-45;20;B;3;1;5;8,000000;5247
759;1000146;P00081142;F;36-45;20;B;3;1;6;8,000000;16004
760;1000146;P00088242;F;36-45;20;B;3;1;6;10,000000;12053
761;1000146;P00223842;F;36-45;20;B;3;1;2;4,000000;3489
762;1000146;P00121042;F;36-45;20;B;3;1;15;9,627841;16616
763;1000146;P00027142;F;36-45;20;B;3;1;8;9,627841;7968
764;1000146;P00114142;F;36-45;20;B;3;1;8;9,627841;9932
765;1000146;P00116742;F;36-45;20;B;3;1;11;9,627841;2944
766;1000146;P00289642;F;36-45;20;B;3;1;8;9,627841;8057
767;1000146;P00118442;F;36-45;20;B;3;1;1;2,000000;15347
768;1000146;P00227742;F;36-45;20;B;3;1;5;14,000000;7110
769;1000146;P00127542;F;36-45;20;B;3;1;1;2,000000;3836
770;1000146;P00010842;F;36-45;20;B;3;1;8;16,000000;9885
771;1000146;P00323942;F;36-45;20;B;3;1;8;15,000000;9832
772;1000146;P00101142;F;36-45;20;B;3;1;8;9,627841;7892
774;1000146;P00112342;F;36-45;20;B;3;1;13;16,000000;959
775;1000146;P00129642;F;36-45;20;B;3;1;5;9,627841;5381
776;1000146;P00178642;F;36-45;20;B;3;1;5;15,000000;7055
777;1000146;P00288442;F;36-45;20;B;3;1;5;14,000000;6866
778;1000146;P00274042;F;36-45;20;B;3;1;1;9,627841;19177
779;1000146;P00091842;F;36-45;20;B;3;1;8;9,627841;7805
780;1000146;P00320442;F;36-45;20;B;3;1;6;10,000000;8667
781;1000147;P00184942;M;18-25;4;B;4+;0;1;8,000000;19474
782;1000147;P00016042;M;18-25;4;B;4+;0;1;16,000000;11916
783;1000147;P00214242;M;18-25;4;B;4+;0;1;16,000000;7589
784;1000147;P00110742;M;18-25;4;B;4+;0;1;2,000000;15308
785;1000147;P00008542;M;18-25;4;B;4+;0;2;8,000000;9614
786;1000147;P00352142;M;18-25;4;B;4+;0;1;6,000000;15387
787;1000147;P00150942;M;18-25;4;B;4+;0;6;11,000000;20585
788;1000148;P00184942;M;51-55;17;B;3;1;1;8,000000;19031
789;1000148;P00118442;M;51-55;17;B;3;1;1;2,000000;15671
790;1000148;P00317442;M;51-55;17;B;3;1;1;8,000000;15289
791;1000148;P00063342;M;51-55;17;B;3;1;1;2,000000;12101
792;1000148;P00042142;M;51-55;17;B;3;1;1;2,000000;15383
793;1000148;P00047242;M;51-55;17;B;3;1;1;5,000000;19608
794;1000148;P00114542;M;51-55;17;B;3;1;5;9,627841;1827
795;1000148;P00156742;M;51-55;17;B;3;1;5;6,000000;1787
797;1000148;P00190742;M;51-55;17;B;3;1;3;4,000000;8287
798;1000148;P00199442;M;51-55;17;B;3;1;5;9,000000;8812
799;1000148;P00193042;M;51-55;17;B;3;1;5;6,000000;7114
800;1000148;P00327842;M;51-55;17;B;3;1;8;16,000000;7799
801;1000148;P00005042;M;51-55;17;B;3;1;6;16,000000;8657
802;1000148;P00057242;M;51-55;17;B;3;1;5;9,627841;5375
803;1000148;P00074442;M;51-55;17;B;3;1;1;16,000000;11715
804;1000148;P00214342;M;51-55;17;B;3;1;5;9,627841;7021
805;1000148;P00036542;M;51-55;17;B;3;1;4;5,000000;2141
806;1000148;P00181842;M;51-55;17;B;3;1;11;9,627841;6053
807;1000148;P00304742;M;51-55;17;B;3;1;8;9,627841;5955
808;1000149;P00109242;M;26-35;1;B;2;1;6;8,000000;15969
809;1000149;P00289342;M;26-35;1;B;2;1;5;8,000000;5267
810;1000149;P00213742;M;26-35;1;B;2;1;8;9,627841;6151
811;1000149;P00293242;M;26-35;1;B;2;1;8;16,000000;6018
812;1000149;P00163842;M;26-35;1;B;2;1;8;9,627841;6140
813;1000149;P00046142;M;26-35;1;B;2;1;1;16,000000;19091
814;1000149;P00028242;M;26-35;1;B;2;1;6;8,000000;20538
815;1000149;P00028542;M;26-35;1;B;2;1;6;8,000000;16137
816;1000149;P00051442;M;26-35;1;B;2;1;8;17,000000;10024
817;1000149;P00100842;M;26-35;1;B;2;1;5;9,627841;7047
818;1000149;P00184442;M;26-35;1;B;2;1;1;6,000000;15571
819;1000149;P00345842;M;26-35;1;B;2;1;2;8,000000;16235
820;1000149;P00323942;M;26-35;1;B;2;1;8;15,000000;9993
821;1000149;P00137542;M;26-35;1;B;2;1;1;8,000000;15161
822;1000149;P00030842;M;26-35;1;B;2;1;1;2,000000;7835
823;1000149;P00150342;M;26-35;1;B;2;1;8;14,000000;6188
824;1000149;P00369742;M;26-35;1;B;2;1;5;9,627841;8752
825;1000149;P00069042;M;26-35;1;B;2;1;3;9,627841;10715
826;1000149;P00277942;M;26-35;1;B;2;1;1;9,627841;15210
827;1000149;P00283942;M;26-35;1;B;2;1;5;9,627841;6998
828;1000149;P00207042;M;26-35;1;B;2;1;5;14,000000;7064
829;1000149;P00350342;M;26-35;1;B;2;1;1;6,000000;15165
830;1000150;P00294542;M;36-45;7;B;0;1;8;9,627841;5865
831;1000150;P00174442;M;36-45;7;B;0;1;5;9,627841;8697
832;1000150;P00033642;M;36-45;7;B;0;1;5;8,000000;8798
833;1000150;P00025442;M;36-45;7;B;0;1;1;2,000000;15255
834;1000150;P00120042;M;36-45;7;B;0;1;1;2,000000;15697
835;1000150;P00086042;M;36-45;7;B;0;1;8;14,000000;8009
836;1000150;P00198142;M;36-45;7;B;0;1;2;4,000000;13272
837;1000150;P00057742;M;36-45;7;B;0;1;2;8,000000;16061
838;1000150;P00101942;M;36-45;7;B;0;1;8;17,000000;7995
839;1000150;P00113342;M;36-45;7;B;0;1;1;8,000000;15590
840;1000151;P00112142;F;26-35;20;A;1;1;1;2,000000;12063
841;1000151;P00062842;F;26-35;20;A;1;1;1;2,000000;11653
842;1000151;P00052642;F;26-35;20;A;1;1;5;14,000000;7011
843;1000151;P00021642;F;26-35;20;A;1;1;8;14,000000;6089
844;1000151;P00007342;F;26-35;20;A;1;1;8;14,000000;5844
845;1000151;P00154742;F;26-35;20;A;1;1;8;14,000000;8124
846;1000151;P00016342;F;26-35;20;A;1;1;1;2,000000;11977
847;1000151;P00141842;F;26-35;20;A;1;1;5;14,000000;7179
848;1000151;P00197442;F;26-35;20;A;1;1;8;14,000000;1990
849;1000151;P00048642;F;26-35;20;A;1;1;5;14,000000;5471
850;1000151;P00000642;F;26-35;20;A;1;1;1;6,000000;15678
851;1000151;P00358742;F;26-35;20;A;1;1;5;9,627841;6894
852;1000151;P00370342;F;26-35;20;A;1;1;8;9,627841;7964
853;1000151;P00138542;F;26-35;20;A;1;1;5;6,000000;8707
854;1000151;P00031442;F;26-35;20;A;1;1;5;8,000000;8575
855;1000151;P00128242;F;26-35;20;A;1;1;5;12,000000;7035
856;1000151;P00221342;F;26-35;20;A;1;1;1;2,000000;11493
857;1000151;P00211142;F;26-35;20;A;1;1;5;9,627841;5180
858;1000151;P00152742;F;26-35;20;A;1;1;5;9,627841;7009
859;1000151;P00211042;F;26-35;20;A;1;1;5;9,627841;5205
860;1000151;P00245642;F;26-35;20;A;1;1;5;11,000000;7175
861;1000151;P00148342;F;26-35;20;A;1;1;5;9,627841;7159
862;1000151;P00085242;F;26-35;20;A;1;1;8;14,000000;6129
863;1000151;P00134342;F;26-35;20;A;1;1;5;9,627841;7087
864;1000152;P00159942;M;18-25;4;A;3;0;5;9,627841;8744
865;1000153;P00031642;M;0-17;10;C;0;0;5;9,627841;8588
866;1000153;P00059442;M;0-17;10;C;0;0;6;8,000000;20679
867;1000153;P00340642;M;0-17;10;C;0;0;5;9,627841;8817
868;1000154;P00214242;M;51-55;20;A;4+;1;1;16,000000;7821
869;1000154;P00105142;M;51-55;20;A;4+;1;1;2,000000;8144
870;1000154;P00262242;M;51-55;20;A;4+;1;1;11,000000;15257
871;1000154;P00307342;M;51-55;20;A;4+;1;8;9,627841;6139
872;1000155;P00205642;M;36-45;12;C;4+;1;5;8,000000;6967
873;1000155;P00295942;M;36-45;12;C;4+;1;2;5,000000;6807
874;1000155;P00053942;M;36-45;12;C;4+;1;1;2,000000;7944
875;1000155;P00248142;M;36-45;12;C;4+;1;5;9,627841;5415
876;1000155;P00022542;M;36-45;12;C;4+;1;5;9,627841;1916
877;1000155;P00323842;M;36-45;12;C;4+;1;2;8,000000;16208
878;1000155;P00252442;M;36-45;12;C;4+;1;8;9,627841;9795
879;1000156;P00304842;F;46-50;7;C;4+;1;8;9,627841;9872
880;1000156;P00002542;F;46-50;7;C;4+;1;8;14,000000;6010
881;1000156;P00240142;F;46-50;7;C;4+;1;5;9,627841;7141
882;1000157;P00140042;M;36-45;16;A;1;0;1;16,000000;15544
883;1000157;P00028442;M;36-45;16;A;1;0;1;8,000000;7762
884;1000157;P00289042;M;36-45;16;A;1;0;8;9,627841;7948
885;1000157;P00141442;M;36-45;16;A;1;0;8;14,000000;6123
886;1000157;P00345742;M;36-45;16;A;1;0;1;2,000000;11475
887;1000157;P00065342;M;36-45;16;A;1;0;2;15,000000;6368
888;1000157;P00298142;M;36-45;16;A;1;0;5;8,000000;6962
889;1000157;P00177942;M;36-45;16;A;1;0;5;8,000000;3522
890;1000157;P00223242;M;36-45;16;A;1;0;5;14,000000;5185
891;1000157;P00105942;M;36-45;16;A;1;0;5;9,627841;5474
892;1000157;P00111542;M;36-45;16;A;1;0;2;17,000000;12920
893;1000158;P00347242;M;55+;7;C;2;1;8;9,627841;9703
894;1000158;P00111542;M;55+;7;C;2;1;2;17,000000;13324
895;1000159;P00277642;F;46-50;0;A;1;1;2;3,000000;12828
896;1000160;P00198042;M;36-45;7;C;3;0;11;16,000000;4681
897;1000160;P00327842;M;36-45;7;C;3;0;8;16,000000;5881
898;1000161;P00086042;M;46-50;16;C;4+;1;8;14,000000;8108
899;1000161;P00111542;M;46-50;16;C;4+;1;2;17,000000;16122
900;1000161;P00024042;M;46-50;16;C;4+;1;7;9,627841;20915
901;1000161;P00313342;M;46-50;16;C;4+;1;5;9,627841;8689
902;1000161;P00064942;M;46-50;16;C;4+;1;8;9,627841;10062
903;1000161;P00112442;M;46-50;16;C;4+;1;6;8,000000;16272
904;1000161;P00205442;M;46-50;16;C;4+;1;5;8,000000;6875
905;1000161;P00312942;M;46-50;16;C;4+;1;8;14,000000;9821
906;1000161;P00289942;M;46-50;16;C;4+;1;3;4,000000;13717
907;1000161;P00304442;M;46-50;16;C;4+;1;1;16,000000;15378
908;1000161;P00125742;M;46-50;16;C;4+;1;8;9,627841;10040
909;1000161;P00285742;M;46-50;16;C;4+;1;8;9,627841;8065
910;1000162;P00004842;F;18-25;4;C;4+;0;3;4,000000;5711
911;1000162;P00249142;F;18-25;4;C;4+;0;5;9,627841;7059
912;1000162;P00338442;F;18-25;4;C;4+;0;1;16,000000;11808
913;1000162;P00351142;F;18-25;4;C;4+;0;1;8,000000;19091
914;1000162;P00010242;F;18-25;4;C;4+;0;5;9,627841;8844
915;1000163;P00014742;M;18-25;4;A;1;0;11;9,627841;1534
916;1000163;P00079442;M;18-25;4;A;1;0;8;9,627841;3923
917;1000163;P00283942;M;18-25;4;A;1;0;5;9,627841;3506
918;1000163;P00208942;M;18-25;4;A;1;0;6;9,627841;4000
919;1000163;P00028242;M;18-25;4;A;1;0;6;8,000000;4597
920;1000163;P00340642;M;18-25;4;A;1;0;5;9,627841;3460
921;1000163;P00322342;M;18-25;4;A;1;0;5;14,000000;3611
922;1000163;P00309142;M;18-25;4;A;1;0;1;16,000000;8305
923;1000163;P00270942;M;18-25;4;A;1;0;1;2,000000;12017
924;1000163;P00305142;M;18-25;4;A;1;0;1;9,627841;11575
925;1000163;P00019342;M;18-25;4;A;1;0;1;6,000000;11374
926;1000163;P00128042;M;18-25;4;A;1;0;1;5,000000;15312
927;1000163;P00345642;M;18-25;4;A;1;0;1;15,000000;8067
928;1000163;P00229742;M;18-25;4;A;1;0;1;16,000000;11635
929;1000163;P00194642;M;18-25;4;A;1;0;1;6,000000;8081
930;1000163;P00206442;M;18-25;4;A;1;0;1;5,000000;3931
931;1000163;P00149542;M;18-25;4;A;1;0;1;6,000000;4145
932;1000163;P00138242;M;18-25;4;A;1;0;1;9,627841;3916
933;1000163;P00035242;M;18-25;4;A;1;0;8;14,000000;4012
934;1000163;P00135842;M;18-25;4;A;1;0;5;14,000000;3759
935;1000163;P00035742;M;18-25;4;A;1;0;11;9,627841;2952
936;1000163;P00276642;M;18-25;4;A;1;0;8;11,000000;4152
937;1000163;P00019142;M;18-25;4;A;1;0;11;15,000000;3068
938;1000163;P00137642;M;18-25;4;A;1;0;3;4,000000;5697
939;1000165;P00110942;M;18-25;16;A;1;0;1;2,000000;11516
940;1000165;P00005042;M;18-25;16;A;1;0;6;16,000000;19928
941;1000165;P00188442;M;18-25;16;A;1;0;5;7,000000;6873
942;1000165;P00329542;M;18-25;16;A;1;0;1;15,000000;15879
943;1000165;P00346342;M;18-25;16;A;1;0;1;15,000000;11400
944;1000166;P00184942;M;18-25;4;B;1;1;1;8,000000;12006
945;1000166;P00111042;M;18-25;4;B;1;1;15;9,627841;16856
946;1000166;P00046742;M;18-25;4;B;1;1;1;2,000000;15470
947;1000166;P00028842;M;18-25;4;B;1;1;6;8,000000;15956
948;1000166;P00238442;M;18-25;4;B;1;1;6;9,627841;19966
949;1000166;P00270242;M;18-25;4;B;1;1;8;9,627841;7786
950;1000166;P00073842;M;18-25;4;B;1;1;1;15,000000;15454
951;1000166;P00197342;M;18-25;4;B;1;1;1;2,000000;7924
952;1000166;P00318142;M;18-25;4;B;1;1;2;9,627841;9752
953;1000166;P00015542;M;18-25;4;B;1;1;1;2,000000;11513
954;1000166;P00184142;M;18-25;4;B;1;1;8;14,000000;8115
955;1000166;P00034742;M;18-25;4;B;1;1;5;14,000000;8843
956;1000166;P00049642;M;18-25;4;B;1;1;8;14,000000;9849
957;1000166;P00303642;M;18-25;4;B;1;1;8;14,000000;9812
958;1000166;P00071442;M;18-25;4;B;1;1;15;17,000000;16651
959;1000166;P00226442;M;18-25;4;B;1;1;11;15,000000;3172
960;1000166;P00110542;M;18-25;4;B;1;1;8;9,627841;9942
961;1000166;P00014542;M;18-25;4;B;1;1;8;9,627841;5966
962;1000166;P0098542;M;18-25;4;B;1;1;8;9,627841;6182
963;1000166;P00231142;M;18-25;4;B;1;1;5;8,000000;5280
964;1000166;P00031542;M;18-25;4;B;1;1;5;9,627841;5346
965;1000166;P00258742;M;18-25;4;B;1;1;5;9,627841;8902
966;1000169;P00288042;M;26-35;7;B;3;0;8;9,627841;7999
967;1000169;P00119142;M;26-35;7;B;3;0;3;4,000000;5423
968;1000169;P00053842;M;26-35;7;B;3;0;4;5,000000;1460
969;1000169;P00176042;M;26-35;7;B;3;0;8;17,000000;6146
970;1000169;P00116142;M;26-35;7;B;3;0;10;13,000000;9732
971;1000169;P00089442;M;26-35;7;B;3;0;8;9,627841;7861
972;1000169;P00128942;M;26-35;7;B;3;0;1;11,000000;15419
973;1000169;P00085442;M;26-35;7;B;3;0;12;14,000000;1434
974;1000169;P00322042;M;26-35;7;B;3;0;5;8,000000;6971
975;1000169;P00021742;M;26-35;7;B;3;0;5;9,627841;7034
976;1000169;P00136542;M;26-35;7;B;3;0;5;8,000000;7013
977;1000169;P00139942;M;26-35;7;B;3;0;5;9,627841;6898
978;1000169;P00194442;M;26-35;7;B;3;0;5;9,627841;5139
979;1000169;P00100642;M;26-35;7;B;3;0;5;15,000000;5429
980;1000169;P00178442;M;26-35;7;B;3;0;5;9,627841;5187
981;1000169;P00259342;M;26-35;7;B;3;0;5;9,000000;8655
982;1000169;P00251342;M;26-35;7;B;3;0;5;11,000000;5432
983;1000169;P00119742;M;26-35;7;B;3;0;5;8,000000;7019
984;1000169;P00100842;M;26-35;7;B;3;0;5;9,627841;6897
985;1000169;P00279642;M;26-35;7;B;3;0;7;9,627841;8466
986;1000169;P00271142;M;26-35;7;B;3;0;5;9,627841;8698
987;1000169;P00316742;M;26-35;7;B;3;0;4;5,000000;2750
988;1000169;P00285742;M;26-35;7;B;3;0;8;9,627841;8015
989;1000169;P00193542;M;26-35;7;B;3;0;1;2,000000;19252
990;1000169;P00329342;M;26-35;7;B;3;0;5;9,627841;5446
991;1000169;P00048142;M;26-35;7;B;3;0;1;16,000000;15800
992;1000169;P00042942;M;26-35;7;B;3;0;1;15,000000;15851
993;1000169;P00241242;M;26-35;7;B;3;0;1;11,000000;15402
994;1000169;P00250542;M;26-35;7;B;3;0;4;5,000000;1454
995;1000170;P00111142;M;26-35;11;C;1;1;1;15,000000;19696
996;1000170;P00113342;M;26-35;11;C;1;1;1;8,000000;15745
997;1000171;P00100442;F;51-55;17;B;1;1;2;4,000000;16018
998;1000172;P00346542;M;26-35;3;C;2;0;10;13,000000;14070
999;1000173;P00084642;M;26-35;0;B;1;1;13;16,000000;759
